threads	elapsed_seconds	query_time_ns_per_bp	mem_bytes
1	939.65	299.9693509636394	11405201408
2	487.47	154.3336915052044	11405705216
3	332.53	105.07798972747523	11407495168
4	246.62	77.57606050914568	11405832192
5	211.6	66.34239598890072	11407949824
6	192.39	60.29190133730395	11408117760
