k	elapsed_seconds	query_time_ns_per_bp	mem_bytes
15	1099.65	351.3431960223734	11405086720
23	1058.15	338.00320695679954	11405176832
31	1015.66	324.25048910960726	11405103104
39	983.02	313.8167795990319	11405021184
47	951.62	303.7849122966524	11404906496
55	917.57	292.8857295604643	11405123584
63	894.97	285.6732084231684	11405287424
